"Region","lifetime_risk_percent","ISOcode","cancer_type","distribution_method","n_age_groups","lifetime_risk","variance","std_error","std_error_percent","ci_lower","ci_upper","ci_lower_percent","ci_upper_percent","note"
"Norway",12.796723,578,"colorectum","Poisson",18,0.127967226066636,3.77059871681067e-06,0.00194180295519671,0.19418,0.124161292274451,0.131773159858822,12.416129,13.177316,"Success"
"Denmark",12.410585,208,"colorectum","Poisson",18,0.124105848014314,2.8708546340909e-06,0.00169435965311114,0.169436,0.120784903094216,0.127426792934412,12.07849,12.742679,"Success"
"Singapore",12.095917,702,"colorectum","Poisson",18,0.12095916519285,6.91590465390314e-06,0.00262981076389598,0.262981,0.115804736095614,0.126113594290087,11.580474,12.611359,"Success"
"New Zealand",10.784096,554,"colorectum","Poisson",18,0.107840955086134,3.73336912796887e-06,0.00193219282887834,0.193219,0.104053857141532,0.111628053030735,10.405386,11.162805,"Success"
"Netherlands",10.308596,528,"colorectum","Poisson",18,0.103085957309344,7.77842016704119e-07,0.000881953522984131,0.088195,0.101357328404295,0.104814586214393,10.135733,10.481459,"Success"
"Japan",10.059491,392,"colorectum","Poisson",18,0.100594911926278,8.08532933962948e-08,0.000284347135375574,0.028435,0.100037591540942,0.101152232311615,10.003759,10.115223,"Success"
"Croatia",10.008585,191,"colorectum","Poisson",18,0.10008585300865,2.97410275221103e-06,0.00172455871231194,0.172456,0.0967057179325184,0.103465988084781,9.670572,10.346599,"Success"
"Portugal",9.675511,620,"colorectum","Poisson",18,0.096755108577783,1.05149367114982e-06,0.00102542365447156,0.102542,0.0947452782150188,0.0987649389405473,9.474528,9.876494,"Success"
"Hungary",9.417463,348,"colorectum","Poisson",18,0.0941746254890455,1.15391286637678e-06,0.00107420336360336,0.10742,0.0920691868963829,0.0962800640817081,9.206919,9.628006,"Success"
"Ireland",9.125578,372,"colorectum","Poisson",18,0.0912557797926802,3.73171452097557e-06,0.0019317646132424,0.193176,0.0874695211507251,0.0950420384346354,8.746952,9.504204,"Success"
"Slovakia",9.019994,703,"colorectum","Poisson",18,0.0901999442980576,2.74828577624794e-06,0.00165779545669782,0.16578,0.0869506652029298,0.0934492233931853,8.695067,9.344922,"Success"
"Spain",8.86736,724,"colorectum","Poisson",18,0.0886735973129373,2.42477403205688e-07,0.000492419945986845,0.049242,0.0877084542188031,0.0896387404070715,8.770845,8.963874,"Success"
"United Kingdom",8.773449,826,"colorectum","Poisson",18,0.0877344902713982,1.92620290596218e-07,0.000438885281817719,0.043889,0.0868742751190355,0.0885947054237609,8.687428,8.859471,"Success"
"Italy",8.682369,380,"colorectum","Poisson",18,0.0868236922956772,1.5783175480173e-07,0.000397280448552066,0.039728,0.0860450226165152,0.0876023619748392,8.604502,8.760236,"Success"
"France",8.582183,250,"colorectum","Poisson",18,0.0858218316908302,1.71417954844869e-07,0.00041402651466406,0.041403,0.0850103397220886,0.0866333236595717,8.501034,8.663332,"Success"
"Estonia",8.481364,233,"colorectum","Poisson",18,0.0848136436004796,7.85898418568934e-06,0.00280338798343885,0.280339,0.0793190031529395,0.0903082840480198,7.9319,9.030828,"Success"
"Uruguay",8.443537,858,"colorectum","Poisson",18,0.0844353651751477,4.12947226747574e-06,0.00203211029904278,0.203211,0.0804524289890239,0.0884183013612716,8.045243,8.84183,"Success"
"Sweden",8.392035,752,"colorectum","Poisson",18,0.0839203549078119,1.13498237169475e-06,0.00106535551422741,0.106536,0.0818322580999262,0.0860084517156977,8.183226,8.600845,"Success"
"Australia",8.37753,36,"colorectum","Poisson",18,0.083775304450575,5.45300265434603e-07,0.000738444490421997,0.073844,0.0823279532493479,0.0852226556518021,8.232795,8.522266,"Success"
"Iceland",8.035861,352,"colorectum","Poisson",16,0.0803586090951052,3.96025176503552e-05,0.00629305312629372,0.629305,0.0680242249675695,0.0926929932226409,6.802422,9.269299,"Success"
"Poland",7.924457,616,"colorectum","Poisson",18,0.0792445663226214,3.07574609945355e-07,0.000554594094762426,0.055459,0.078157561896887,0.0803315707483557,7.815756,8.033157,"Success"
"Slovenia",7.837232,705,"colorectum","Poisson",18,0.0783723214286077,4.92532897741906e-06,0.00221930822046399,0.221931,0.0740224773164983,0.0827221655407172,7.402248,8.272217,"Success"
"Malta",7.746374,470,"colorectum","Poisson",18,0.0774637425165906,2.96440898940003e-05,0.00544463863759573,0.544464,0.066792250786903,0.0881352342462783,6.679225,8.813523,"Success"
"Belgium",7.599908,56,"colorectum","Poisson",18,0.0759990785703578,8.75186384226203e-07,0.000935513967948209,0.093551,0.0741654711931793,0.0778326859475363,7.416547,7.783269,"Success"
"Luxembourg",7.551329,442,"colorectum","Poisson",18,0.0755132864567202,2.41382404425537e-05,0.00491306833277879,0.491307,0.0658836725244738,0.0851429003889666,6.588367,8.51429,"Success"
"Canada",7.387199,124,"colorectum","Poisson",18,0.0738719875065679,3.15026243079568e-07,0.00056127198672263,0.056127,0.0727718944125915,0.0749720806005442,7.277189,7.497208,"Success"
"Germany",7.387032,276,"colorectum","Poisson",18,0.0738703196934781,1.00162980332412e-07,0.000316485355636579,0.031649,0.0732500083964304,0.0744906309905257,7.325001,7.449063,"Success"
"Czechia",7.33455,203,"colorectum","Poisson",18,0.0733455044723217,9.27276594598204e-07,0.000962952020922229,0.096295,0.0714581185113142,0.0752328904333293,7.145812,7.523289,"Success"
"Finland",7.298914,246,"colorectum","Poisson",18,0.0729891417402253,1.5757517722262e-06,0.0012552895172932,0.125529,0.0705287742863306,0.07544950919412,7.052877,7.544951,"Success"
"Greece",7.088742,300,"colorectum","Poisson",18,0.0708874161153662,7.06385359422598e-07,0.000840467345839562,0.084047,0.0692401001175206,0.0725347321132117,6.92401,7.253473,"Success"
"Switzerland",7.052776,756,"colorectum","Poisson",18,0.0705277550375549,1.14035710918311e-06,0.00106787504380574,0.106788,0.0684347199516956,0.0726207901234141,6.843472,7.262079,"Success"
"Serbia",6.949114,688,"colorectum","Poisson",18,0.069491141573598,1.10201582486094e-06,0.00104976941509121,0.104977,0.0674335935200192,0.0715486896271768,6.743359,7.154869,"Success"
"Belarus",6.865906,112,"colorectum","Poisson",18,0.0686590567124074,9.82346160974449e-07,0.00099113377551895,0.099113,0.0667164345123902,0.0706016789124245,6.671643,7.060168,"Success"
"Romania",6.840691,642,"colorectum","Poisson",18,0.0684069069863303,4.1841198573323e-07,0.000646847729943632,0.064685,0.0671390854356408,0.0696747285370199,6.713909,6.967473,"Success"
"Jamaica",6.621075,388,"colorectum","Poisson",18,0.0662107499012565,1.02906228766145e-05,0.00320790007272896,0.32079,0.0599232657587077,0.0724982340438052,5.992327,7.249823,"Success"
"Israel",6.543063,376,"colorectum","Poisson",18,0.0654306342571938,1.82691651184051e-06,0.00135163475533907,0.135163,0.0627814301367292,0.0680798383776584,6.278143,6.807984,"Success"
"South Korea",6.541091,410,"colorectum","Poisson",18,0.0654109096463553,2.12798323421235e-07,0.00046130068656055,0.04613,0.0645067603006966,0.066315058992014,6.450676,6.631506,"Success"
"Barbados",6.470072,52,"colorectum","Poisson",18,0.064700724710281,3.77375042769881e-05,0.00614308589204059,0.614309,0.0526602763618814,0.0767411730586805,5.266028,7.674117,"Success"
"Cyprus",6.347007,196,"colorectum","Poisson",18,0.0634700669876215,9.35983661119998e-06,0.00305938500538915,0.305939,0.0574736723770588,0.0694664615981843,5.747367,6.946646,"Success"
"Bulgaria",6.325331,100,"colorectum","Poisson",18,0.063253309576212,9.20461000888516e-07,0.00095940658789093,0.095941,0.0613728726639458,0.0651337464884782,6.137287,6.513375,"Success"
"Brunei",6.275987,96,"colorectum","Poisson",18,0.062759873284538,4.98109370275701e-05,0.0070576863792301,0.705769,0.048926807981247,0.076592938587829,4.892681,7.659294,"Success"
"Russia",6.244818,643,"colorectum","Poisson",18,0.0624481799574619,6.50859624974761e-08,0.000255119506305332,0.025512,0.0619481457251035,0.0629482141898204,6.194815,6.294821,"Success"
"Martinique",6.122511,474,"colorectum","Poisson",16,0.0612251107425973,2.32224910059713e-05,0.00481897198642733,0.481897,0.0517799256491998,0.0706702958359949,5.177993,7.06703,"Success"
"Cuba",6.061524,192,"colorectum","Poisson",18,0.0606152381736678,1.03540884875908e-06,0.00101755041583161,0.101755,0.0586208393586379,0.0626096369886978,5.862084,6.260964,"Success"
"Moldova",5.988387,498,"colorectum","Poisson",18,0.0598838654377512,2.71148695497131e-06,0.00164665933179007,0.164666,0.0566564131474426,0.0631113177280597,5.665641,6.311132,"Success"
"Paraguay",5.987248,600,"colorectum","Poisson",18,0.0598724753578686,4.19874850974769e-06,0.00204908479808613,0.204908,0.0558562691536198,0.0638886815621175,5.585627,6.388868,"Success"
"Latvia",5.64561,428,"colorectum","Poisson",18,0.0564560986590306,3.21332292506032e-06,0.00179257438480536,0.179257,0.0529426528648121,0.0599695444532491,5.294265,5.996954,"Success"
"Chile",5.645395,152,"colorectum","Poisson",18,0.0564539488805435,6.57062695730867e-07,0.000810594038795541,0.081059,0.0548651845645043,0.0580427131965828,5.486518,5.804271,"Success"
"Réunion",5.540367,638,"colorectum","Poisson",18,0.0554036687349405,1.54770910302434e-05,0.00393409341910476,0.393409,0.0476928456334952,0.0631144918363859,4.769285,6.311449,"Success"
"Puerto Rico",5.494582,630,"colorectum","Poisson",18,0.0549458213788014,2.11864478544607e-06,0.00145555652086962,0.145556,0.052092930597897,0.0577987121597059,5.209293,5.779871,"Success"
"Trinidad & Tobago",5.45699,780,"colorectum","Poisson",18,0.0545699034841152,1.57248315912513e-05,0.00396545477735547,0.396545,0.0467976121204985,0.0623421948477319,4.679761,6.234219,"Success"
"Armenia",5.438003,51,"colorectum","Poisson",18,0.0543800276878903,3.75845680122467e-06,0.00193867398012783,0.193867,0.0505802266868398,0.0581798286889408,5.058023,5.817983,"Success"
"Philippines",5.386156,608,"colorectum","Poisson",18,0.0538615602098425,3.5555401143599e-07,0.00059628349921492,0.059628,0.0526928445513813,0.0550302758683038,5.269284,5.503028,"Success"
"United States",5.385488,840,"colorectum","Poisson",18,0.0538548842355619,2.53037728626185e-08,0.000159071596655778,0.015907,0.0535431039061166,0.0541666645650072,5.35431,5.416666,"Success"
"Argentina",5.356081,32,"colorectum","Poisson",18,0.0535608062007831,2.32912060709964e-07,0.000482609635948106,0.048261,0.0526148913143248,0.0545067210872414,5.261489,5.450672,"Success"
"Brazil",5.211763,76,"colorectum","Poisson",18,0.0521176266243095,7.37346046116353e-08,0.000271541165593056,0.027154,0.0515854059397471,0.0526498473088719,5.158541,5.264985,"Success"
"New Caledonia",5.155336,540,"colorectum","Poisson",18,0.0515533596336305,4.15176454940514e-05,0.00644341877376067,0.644342,0.0389242588370596,0.0641824604302014,3.892426,6.418246,"Success"
"Lithuania",5.134981,440,"colorectum","Poisson",18,0.0513498145398046,1.96541276237068e-06,0.00140193179661875,0.140193,0.0486020282184318,0.0540976008611773,4.860203,5.40976,"Success"
"Austria",5.131506,40,"colorectum","Poisson",18,0.0513150632064937,6.83332486947906e-07,0.000826639272565674,0.082664,0.049694850232265,0.0529352761807225,4.969485,5.293528,"Success"
"Guadeloupe",5.065106,312,"colorectum","Poisson",18,0.0506510642820882,1.7271457936631e-05,0.00415589436061975,0.415589,0.0425055113352735,0.0587966172289029,4.250551,5.879662,"Success"
"Guam",5.031818,316,"colorectum","Poisson",18,0.0503181824575665,0.000130351838094799,0.0114171729466974,1.141717,0.0279405234820396,0.0726958414330934,2.794052,7.269584,"Success"
"Bosnia & Herzegovina",5.011867,70,"colorectum","Poisson",18,0.0501186664085486,1.71671085059858e-06,0.0013102331283396,0.131023,0.0475506094770029,0.0526867233400942,4.755061,5.268672,"Success"
"China",4.914851,156,"colorectum","Poisson",18,0.0491485106570008,7.53809491224416e-09,8.68222028760164e-05,0.008682,0.0489783391393638,0.0493186821746378,4.897834,4.931868,"Success"
"Suriname",4.913324,740,"colorectum","Poisson",18,0.0491332400009386,3.51787070385428e-05,0.00593116405425973,0.593116,0.0375081584545896,0.0607583215472877,3.750816,6.075832,"Success"
"North Macedonia",4.876167,807,"colorectum","Poisson",18,0.0487616728377524,3.52404523659643e-06,0.00187724405355202,0.187724,0.0450822744927904,0.0524410711827143,4.508227,5.244107,"Success"
"Ukraine",4.727236,804,"colorectum","Poisson",18,0.0472723601919066,1.41614940305712e-07,0.000376317605628161,0.037632,0.0465347776848754,0.0480099426989378,4.653478,4.800994,"Success"
"Haiti",4.695451,332,"colorectum","Poisson",18,0.0469545128314336,4.1579646526212e-06,0.00203910878881466,0.203911,0.0429578596053568,0.0509511660575103,4.295786,5.095117,"Success"
"Malaysia",4.645006,458,"colorectum","Poisson",18,0.0464500580939194,6.6423927363299e-07,0.000815008756783012,0.081501,0.0448526409306247,0.0480474752572141,4.485264,4.804748,"Success"
"Colombia",4.62212,170,"colorectum","Poisson",18,0.0462211952524787,3.52028154525626e-07,0.000593319605714851,0.059332,0.0450582888252776,0.0473841016796798,4.505829,4.73841,"Success"
NA,4.614255,900,"colorectum","Poisson",18,0.046142550047962,1.71899548184729e-09,4.14607703962106e-05,0.004146,0.0460612869379854,0.0462238131579386,4.606129,4.622381,"Success"
"Montenegro",4.570223,499,"colorectum","Poisson",18,0.0457022269136088,1.04697497483539e-05,0.00323569926729199,0.32357,0.0393602563497165,0.0520441974775011,3.936026,5.20442,"Success"
"Panama",4.408667,591,"colorectum","Poisson",18,0.0440866738426489,4.38723601782132e-06,0.0020945729917626,0.209457,0.0399813107787943,0.0481920369065036,3.998131,4.819204,"Success"
"Turkey",4.315107,792,"colorectum","Poisson",18,0.0431510704596296,1.31847206622608e-07,0.000363107706641718,0.036311,0.0424393793546118,0.0438627615646474,4.243938,4.386276,"Success"
"Libya",4.297278,434,"colorectum","Poisson",18,0.0429727841994178,4.15813640090447e-06,0.00203915090194533,0.203915,0.0389760484316049,0.0469695199672306,3.897605,4.696952,"Success"
"Venezuela",4.277194,862,"colorectum","Poisson",18,0.0427719428728513,5.32868849647801e-07,0.000729978663830527,0.072998,0.0413411846917434,0.0442027010539591,4.134118,4.42027,"Success"
"Algeria",4.159209,12,"colorectum","Poisson",18,0.0415920929101229,4.70954082255434e-07,0.000686260943268254,0.068626,0.0402470214613171,0.0429371643589287,4.024702,4.293716,"Success"
"Samoa",4.124249,882,"colorectum","Poisson",18,0.0412424916756852,5.77087407801649e-05,0.00759662693438113,0.759663,0.0263531028842982,0.0561318804670723,2.63531,5.613188,"Success"
"Costa Rica",4.116683,188,"colorectum","Poisson",18,0.0411668316173967,2.33113042605819e-06,0.00152680399071334,0.15268,0.0381742957955985,0.0441593674391949,3.81743,4.415937,"Success"
"Bahamas",4.096743,44,"colorectum","Poisson",18,0.0409674258193379,2.89115504266997e-05,0.00537694619897761,0.537695,0.0304286112693418,0.051506240369334,3.042861,5.150624,"Success"
"French Polynesia",4.096111,258,"colorectum","Poisson",18,0.0409611127625048,7.50589194886238e-05,0.00866365508827676,0.866366,0.0239803487894823,0.0579418767355272,2.398035,5.794188,"Success"
"Mauritius",3.976993,480,"colorectum","Poisson",18,0.0397699283144368,7.25734307261071e-06,0.00269394563282385,0.269395,0.034489794874102,0.0450500617547715,3.448979,4.505006,"Success"
"Palestinian Territories",3.827225,275,"colorectum","Poisson",18,0.0382722518082814,6.47309671831629e-06,0.00254422811837231,0.254423,0.0332855646962717,0.0432589389202911,3.328556,4.325894,"Success"
"Ecuador",3.75374,218,"colorectum","Poisson",18,0.0375373967471146,9.79068230966496e-07,0.000989478767314638,0.098948,0.0355980183631779,0.0394767751310513,3.559802,3.947678,"Success"
"Dominican Republic",3.704592,214,"colorectum","Poisson",18,0.0370459202743835,1.42822642218398e-06,0.00119508427409283,0.119508,0.0347035550971616,0.0393882854516055,3.470356,3.938829,"Success"
"Thailand",3.648872,764,"colorectum","Poisson",18,0.0364887215880265,1.07977753466778e-07,0.000328599685737491,0.03286,0.035844666203981,0.037132776972072,3.584467,3.713278,"Success"
"French Guiana",3.60704,254,"colorectum","Poisson",17,0.0360703962316165,4.60779290348255e-05,0.0067880725566854,0.678807,0.0227657740205131,0.0493750184427199,2.276577,4.937502,"Success"
"Bahrain",3.555087,48,"colorectum","Poisson",18,0.0355508667583202,2.43040204027047e-05,0.00492991079054222,0.492991,0.0258882416088574,0.045213491907783,2.588824,4.521349,"Success"
"Georgia",3.498474,268,"colorectum","Poisson",18,0.034984738666359,1.36071937091502e-06,0.00116649876592949,0.11665,0.0326984010851372,0.0372710762475808,3.26984,3.727108,"Success"
"North Korea",3.461979,408,"colorectum","Poisson",18,0.0346197862980753,2.51693186078106e-07,0.000501690328866429,0.050169,0.0336364732534971,0.0356030993426535,3.363647,3.56031,"Success"
"Nicaragua",3.334909,558,"colorectum","Poisson",18,0.0333490860986117,3.52489800647035e-06,0.0018774711732728,0.187747,0.029669242598997,0.0370289295982264,2.966924,3.702893,"Success"
"Saudi Arabia",3.330558,682,"colorectum","Poisson",18,0.0333055757997326,1.01339154927882e-06,0.00100667350679295,0.100667,0.0313324957264184,0.0352786558730468,3.13325,3.527866,"Success"
"St. Lucia",3.277186,662,"colorectum","Poisson",18,0.0327718645504864,5.29674196826247e-05,0.0072778719199107,0.727787,0.0185072355874614,0.0470364935135114,1.850724,4.703649,"Success"
"Kazakhstan",3.240628,398,"colorectum","Poisson",18,0.0324062778327278,5.47500708559311e-07,0.000739932908147293,0.073993,0.0309560093327591,0.0338565463326965,3.095601,3.385655,"Success"
"Guyana",3.238143,328,"colorectum","Poisson",18,0.0323814265911365,2.72115645002253e-05,0.00521647050219066,0.521647,0.0221571444068428,0.0426057087754301,2.215714,4.260571,"Success"
"Peru",3.143249,604,"colorectum","Poisson",18,0.0314324866187032,2.59935855002067e-07,0.000509839048133886,0.050984,0.0304332020843607,0.0324317711530456,3.04332,3.243177,"Success"
"United Arab Emirates",3.086923,784,"colorectum","Poisson",18,0.0308692251587778,9.27030618264468e-06,0.00304471775089986,0.304472,0.0249015783670141,0.0368368719505416,2.490158,3.683687,"Success"
"Jordan",3.073653,400,"colorectum","Poisson",18,0.0307365286181107,2.17044683155491e-06,0.00147324364297115,0.147324,0.0278489710778873,0.0336240861583342,2.784897,3.362409,"Success"
"Lebanon",3.014327,422,"colorectum","Poisson",18,0.0301432681000952,1.522375882706e-06,0.0012338459720346,0.123385,0.0277249299949074,0.032561606205283,2.772493,3.256161,"Success"
"Maldives",2.958847,462,"colorectum","Poisson",18,0.0295884668438656,4.65637681818738e-05,0.00682376495652318,0.682376,0.0162138875290801,0.042963046158651,1.621389,4.296305,"Success"
"Vietnam",2.926361,704,"colorectum","Poisson",18,0.0292636051397253,9.17113215760055e-08,0.000302838771586475,0.030284,0.0286700411474158,0.0298571691320348,2.867004,2.985717,"Success"
"Azerbaijan",2.911306,31,"colorectum","Poisson",18,0.029113062128067,1.13176971700984e-06,0.00106384666047783,0.106385,0.0270279226735305,0.0311982015826036,2.702792,3.11982,"Success"
"Syria",2.907847,760,"colorectum","Poisson",18,0.0290784732409372,1.10134724067206e-06,0.00104945092342237,0.104945,0.0270215494310294,0.0311353970508451,2.702155,3.11354,"Success"
"Qatar",2.893047,634,"colorectum","Poisson",18,0.0289304660278514,3.3057945014905e-05,0.00574960390069655,0.57496,0.0176612423824862,0.0401996896732167,1.766124,4.019969,"Success"
"Kuwait",2.816461,414,"colorectum","Poisson",18,0.0281646135563651,5.42691178297576e-06,0.00232957330491568,0.232957,0.0235986498787304,0.0327305772339998,2.359865,3.273058,"Success"
"El Salvador",2.712153,222,"colorectum","Poisson",18,0.0271215303637539,1.74973447159571e-06,0.00132277529142168,0.132278,0.0245288907925674,0.0297141699349404,2.452889,2.971417,"Success"
"Morocco",2.693752,504,"colorectum","Poisson",18,0.0269375239267329,3.07666612899591e-07,0.000554677034768513,0.055468,0.0258503569385867,0.0280246909148792,2.585036,2.802469,"Success"
"Laos",2.62916,418,"colorectum","Poisson",18,0.0262915977653618,1.83700921849317e-06,0.00135536313159727,0.135536,0.0236350860274311,0.0289481095032924,2.363509,2.894811,"Success"
"Tunisia",2.605456,788,"colorectum","Poisson",18,0.0260545573653017,7.216717345884e-07,0.000849512645337548,0.084951,0.0243895125804401,0.0277196021501633,2.438951,2.77196,"Success"
"Iran",2.603098,364,"colorectum","Poisson",18,0.0260309836598132,1.20497923148119e-07,0.000347128107689537,0.034713,0.0253506125687417,0.0267113547508847,2.535061,2.671135,"Success"
"Oman",2.585756,512,"colorectum","Poisson",18,0.0258575614489704,5.72065749071408e-06,0.0023917896000096,0.239179,0.0211696538329516,0.0305454690649892,2.116965,3.054547,"Success"
"Mexico",2.5074,484,"colorectum","Poisson",18,0.0250740023985513,7.34573367316472e-08,0.000271030139895266,0.027103,0.0245427833243565,0.025605221472746,2.454278,2.560522,"Success"
"Cambodia",2.462348,116,"colorectum","Poisson",18,0.0246234779534475,8.18973486554563e-07,0.000904971539085381,0.090497,0.0228497337368401,0.0263972221700548,2.284973,2.639722,"Success"
"Papua New Guinea",2.45213,598,"colorectum","Poisson",18,0.0245213049646769,2.36227579054295e-06,0.00153696967782157,0.153697,0.0215088443961466,0.0275337655332072,2.150884,2.753377,"Success"
"Fiji",2.366376,242,"colorectum","Poisson",18,0.0236637612560822,1.35780715075706e-05,0.00368484348481325,0.368484,0.0164414680258482,0.0308860544863161,1.644147,3.088605,"Success"
"Indonesia",2.354549,360,"colorectum","Poisson",18,0.023545493390398,3.23973404580576e-08,0.000179992612231885,0.017999,0.0231927078704235,0.0238982789103725,2.319271,2.389828,"Success"
"South Africa",2.330325,710,"colorectum","Poisson",18,0.0233032517611433,1.26175995312176e-07,0.000355212605790076,0.035521,0.0226070350537947,0.0239994684684918,2.260704,2.399947,"Success"
"Albania",2.2258,8,"colorectum","Poisson",18,0.0222579992459569,1.31470832300104e-06,0.00114660730984982,0.114661,0.0200106489186512,0.0245053495732625,2.001065,2.450535,"Success"
"Honduras",2.161005,340,"colorectum","Poisson",18,0.0216100478395091,2.2308904168211e-06,0.00149361655615526,0.149362,0.0186825593894448,0.0245375362895734,1.868256,2.453754,"Success"
"Guatemala",2.155243,320,"colorectum","Poisson",18,0.0215524343316749,9.72361186316563e-07,0.000986083762322736,0.098608,0.0196197101575224,0.0234851585058275,1.961971,2.348516,"Success"
"Myanmar (Burma)",1.961567,104,"colorectum","Poisson",18,0.0196156661730136,1.48484189475016e-07,0.000385336462685554,0.038534,0.0188604067061499,0.0203709256398773,1.886041,2.037093,"Success"
"Belize",1.88488,84,"colorectum","Poisson",18,0.0188488042398775,3.25290268825563e-05,0.00570342238332006,0.570342,0.00767009636857017,0.0300275121111848,0.76701,3.002751,"Success"
"Kenya",1.772181,404,"colorectum","Poisson",18,0.0177218111830592,1.8773463716697e-07,0.000433283552846135,0.043328,0.0168725754194808,0.0185710469466376,1.687258,1.857105,"Success"
"Sri Lanka",1.723872,144,"colorectum","Poisson",18,0.0172387179509432,2.01771281006993e-07,0.000449189582478259,0.044919,0.0163583063692858,0.0181191295326005,1.635831,1.811913,"Success"
"Kyrgyzstan",1.676909,417,"colorectum","Poisson",18,0.0167690874573925,1.27266023431018e-06,0.00112812243764149,0.112812,0.0145579674796151,0.0189802074351698,1.455797,1.898021,"Success"
"Timor-Leste",1.599224,626,"colorectum","Poisson",18,0.0159922381107255,7.28386430800303e-06,0.00269886352155922,0.269886,0.0107024656084694,0.0212820106129815,1.070247,2.128201,"Success"
"Iraq",1.59317,368,"colorectum","Poisson",18,0.0159316957302901,3.05833892011733e-07,0.000553022505881753,0.055302,0.0148477716187618,0.0170156198418183,1.484777,1.701562,"Success"
"Zimbabwe",1.586111,716,"colorectum","Poisson",18,0.0158611094651421,6.36999296290103e-07,0.000798122356716126,0.079812,0.0142967896459785,0.0174254292843057,1.429679,1.742543,"Success"
"Mongolia",1.530207,496,"colorectum","Poisson",18,0.0153020695060306,2.21940575368301e-06,0.00148976701322153,0.148977,0.0123821261601164,0.0182220128519448,1.238213,1.822201,"Success"
"Bolivia",1.508937,68,"colorectum","Poisson",18,0.0150893668525955,5.45034245350187e-07,0.000738264346525136,0.073826,0.0136423687334062,0.0165363649717848,1.364237,1.653636,"Success"
"Somalia",1.494298,706,"colorectum","Poisson",18,0.0149429814489933,8.33446795062048e-07,0.000912933072608309,0.091293,0.013153632626681,0.0167323302713056,1.315363,1.673233,"Success"
"Benin",1.461931,204,"colorectum","Poisson",18,0.0146193146192556,1.07896739224584e-06,0.00103873355209401,0.103873,0.0125833968571513,0.0166552323813598,1.25834,1.665523,"Success"
"Uzbekistan",1.458649,860,"colorectum","Poisson",18,0.014586485288862,1.4100719568096e-07,0.000375509248462617,0.037551,0.0138504871618753,0.0153224834158488,1.385049,1.532248,"Success"
"Ethiopia",1.428433,231,"colorectum","Poisson",18,0.0142843296369688,8.22657971239501e-08,0.000286820147695294,0.028682,0.013722162147486,0.0148464971264516,1.372216,1.48465,"Success"
"Mali",1.338761,466,"colorectum","Poisson",18,0.0133876080020283,5.60494491692059e-07,0.000748661800609634,0.074866,0.0119202308728334,0.0148549851312232,1.192023,1.485499,"Success"
"Yemen",1.3338,887,"colorectum","Poisson",18,0.0133379989749716,2.71852942192028e-07,0.000521395188117447,0.05214,0.0123160644062615,0.0143599335436818,1.231606,1.435993,"Success"
"Namibia",1.290585,516,"colorectum","Poisson",18,0.0129058461797559,2.27647079401772e-06,0.00150879779759175,0.15088,0.00994860249647612,0.0158630898630358,0.99486,1.586309,"Success"
"Eritrea",1.278905,232,"colorectum","Poisson",18,0.0127890466154652,2.19288145669945e-06,0.00148083809266896,0.148084,0.00988660395383406,0.0156914892770964,0.98866,1.569149,"Success"
"Lesotho",1.265671,426,"colorectum","Poisson",18,0.0126567051004282,2.67172651833724e-06,0.00163454168449056,0.163454,0.00945300339882669,0.0158604068020297,0.9453,1.586041,"Success"
"Sudan",1.262029,729,"colorectum","Poisson",18,0.0126202906485943,2.70329675469025e-07,0.000519932375861539,0.051993,0.0116012231919057,0.0136393581052829,1.160122,1.363936,"Success"
"Uganda",1.240472,800,"colorectum","Poisson",18,0.0124047217755128,2.29798516886525e-07,0.00047937304564037,0.047937,0.0114651506060577,0.013344292944968,1.146515,1.334429,"Success"
"Togo",1.212163,768,"colorectum","Poisson",18,0.0121216280446334,1.43612022715087e-06,0.00119838233763306,0.119838,0.00977279866287263,0.0144704574263942,0.97728,1.447046,"Success"
"Tajikistan",1.182449,762,"colorectum","Poisson",18,0.0118244918791428,1.03453442225263e-06,0.001017120652751,0.101712,0.00983093539975085,0.0138180483585348,0.983094,1.381805,"Success"
"Turkmenistan",1.155366,795,"colorectum","Poisson",18,0.0115536576261038,1.03441061377042e-06,0.00101705978869014,0.101706,0.0095602204402711,0.0135470948119364,0.956022,1.354709,"Success"
"Madagascar",1.143152,450,"colorectum","Poisson",18,0.0114315230525327,3.56588405997831e-07,0.00059715023737568,0.059715,0.0102611085872764,0.012601937517789,1.026111,1.260194,"Success"
"Burundi",1.143061,108,"colorectum","Poisson",18,0.011430611641838,1.02732989504089e-06,0.00101357283657411,0.101357,0.00944400888215274,0.0134172144015233,0.944401,1.341721,"Success"
"Tanzania",1.129547,834,"colorectum","Poisson",18,0.011295474466587,1.37053685061402e-07,0.000370207624261578,0.037021,0.0105698675230343,0.0120210814101397,1.056987,1.202108,"Success"
"South Sudan",1.121797,728,"colorectum","Poisson",18,0.0112179662408799,1.23438429188834e-06,0.00111102848383304,0.111103,0.00904035041256716,0.0133955820691927,0.904035,1.339558,"Success"
"Mauritania",1.106477,478,"colorectum","Poisson",18,0.0110647674725784,1.35548187638365e-06,0.00116425163791324,0.116425,0.00878283426226845,0.0133467006828883,0.878283,1.33467,"Success"
"Afghanistan",1.092405,4,"colorectum","Poisson",18,0.0109240540180202,2.89933394928669e-07,0.000538454635906006,0.053845,0.00986868293164438,0.0119794251043959,0.986868,1.197943,"Success"
"Côte d’Ivoire",1.060951,384,"colorectum","Poisson",18,0.0106095133552941,2.42746229890535e-07,0.000492692835233612,0.049269,0.00964383539823627,0.011575191312352,0.964384,1.157519,"Success"
"Nigeria",1.036396,566,"colorectum","Poisson",18,0.010363958713813,2.7567954270763e-08,0.000166036002935397,0.016604,0.0100385281480596,0.0106893892795664,1.003853,1.068939,"Success"
"Egypt",1.019669,818,"colorectum","Poisson",18,0.0101966896299338,5.01074832848363e-08,0.000223847008657333,0.022385,0.00975794949296544,0.0106354297669022,0.975795,1.063543,"Success"
"Vanuatu",0.996529,548,"colorectum","Poisson",18,0.0099652875217615,9.88564376606663e-06,0.00314414436151819,0.314414,0.00380276457318584,0.0161278104703372,0.380276,1.612781,"Success"
"Congo - Kinshasa",0.979558,180,"colorectum","Poisson",18,0.00979558145040875,7.95714323935956e-08,0.000282084087451943,0.028208,0.00924269663900294,0.0103484662618146,0.92427,1.034847,"Success"
"Pakistan",0.973226,586,"colorectum","Poisson",18,0.00973225930975895,2.54052301101451e-08,0.000159390181975381,0.015939,0.0094198545530872,0.0100446640664307,0.941985,1.004466,"Success"
"Senegal",0.948528,686,"colorectum","Poisson",18,0.00948527652576945,3.25626755613677e-07,0.000570637148820226,0.057064,0.00836682771408181,0.0106037253374571,0.836683,1.060373,"Success"
"India",0.945755,356,"colorectum","Poisson",18,0.00945754722454134,2.68514733384661e-09,5.1818407287822e-05,0.005182,0.00935598314625721,0.00955911130282548,0.935598,0.955911,"Success"
"Bhutan",0.926302,64,"colorectum","Poisson",18,0.00926301768055641,4.40532414839958e-06,0.00209888640674039,0.209889,0.00514920032334525,0.0133768350377676,0.51492,1.337684,"Success"
"Solomon Islands",0.921684,90,"colorectum","Poisson",18,0.00921683767951331,8.03065591309227e-06,0.00283384119404957,0.283384,0.00366250893917616,0.0147711664198505,0.366251,1.477117,"Success"
"Cameroon",0.917469,120,"colorectum","Poisson",18,0.00917468594297455,1.97834035505855e-07,0.000444785381398551,0.044479,0.00830290659543339,0.0100464652905157,0.830291,1.004647,"Success"
"Djibouti",0.896709,262,"colorectum","Poisson",18,0.00896708683201863,2.33186453781872e-06,0.00152704437978034,0.152704,0.00597407984764916,0.0119600938163881,0.597408,1.196009,"Success"
"Mozambique",0.891839,508,"colorectum","Poisson",18,0.00891839366549422,3.72347201866232e-07,0.000610202590838676,0.06102,0.00772239658745041,0.010114390743538,0.77224,1.011439,"Success"
"Nepal",0.881273,524,"colorectum","Poisson",18,0.00881272947713557,1.39461394240584e-07,0.000373445302876584,0.037345,0.00808077668349746,0.00954468227077367,0.808078,0.954468,"Success"
"Cape Verde",0.871563,132,"colorectum","Poisson",18,0.00871563248612896,5.145690973333e-06,0.00226841155290062,0.226841,0.00426954584244375,0.0131617191298142,0.426955,1.316172,"Success"
"Niger",0.852407,562,"colorectum","Poisson",18,0.00852406878659374,3.04291035545676e-07,0.000551625811167023,0.055163,0.00744288219670638,0.00960525537648111,0.744288,0.960526,"Success"
"Malawi",0.832459,454,"colorectum","Poisson",18,0.00832459173102129,2.80905798654451e-07,0.000530005470400496,0.053001,0.00728578100903632,0.00936340245300626,0.728578,0.93634,"Success"
"Zambia",0.827711,894,"colorectum","Poisson",18,0.00827710744389233,4.91189984129625e-07,0.000700849473232038,0.070085,0.00690344247635753,0.00965077241142712,0.690344,0.965077,"Success"
"Botswana",0.775947,72,"colorectum","Poisson",18,0.00775947471016841,1.15825134465698e-06,0.00107622086239627,0.107622,0.00565008181987171,0.00986886760046511,0.565008,0.986887,"Success"
"Ghana",0.756177,288,"colorectum","Poisson",18,0.00756176815151307,1.34739724243502e-07,0.000367069100093568,0.036707,0.00684231271532967,0.00828122358769646,0.684231,0.828122,"Success"
"Gabon",0.753519,266,"colorectum","Poisson",18,0.00753518887581407,8.10356469562187e-07,0.00090019801686195,0.09002,0.00577080076276465,0.00929957698886349,0.57708,0.929958,"Success"
"Bangladesh",0.742988,50,"colorectum","Poisson",18,0.0074298780716367,2.76474924637246e-08,0.000166275351341456,0.016628,0.00710397838300744,0.00775577776026595,0.710398,0.775578,"Success"
"Liberia",0.716605,430,"colorectum","Poisson",18,0.00716605090347907,9.03680824660102e-07,0.000950621283508897,0.095062,0.00530283318780163,0.00902926861915651,0.530283,0.902927,"Success"
"São Tomé & Príncipe",0.678392,678,"colorectum","Poisson",18,0.00678392390183815,6.34176698185932e-06,0.00251828651703084,0.251829,0.00184808232845771,0.0117197654752186,0.184808,1.171977,"Success"
"Congo - Brazzaville",0.640725,178,"colorectum","Poisson",18,0.00640725214400451,5.61572232693098e-07,0.000749381233213841,0.074938,0.00493846492690538,0.00787603936110363,0.493846,0.787604,"Success"
"Rwanda",0.612411,646,"colorectum","Poisson",18,0.00612411201043687,2.64732752267545e-07,0.000514521867628136,0.051452,0.00511564914988573,0.00713257487098802,0.511565,0.713257,"Success"
"Angola",0.591017,24,"colorectum","Poisson",18,0.00591016719103492,1.5165352010357e-07,0.000389427169190299,0.038943,0.00514688993942193,0.0066734444426479,0.514689,0.667344,"Success"
"Eswatini",0.565903,748,"colorectum","Poisson",18,0.00565902635325823,1.43776981949605e-06,0.00119907039805678,0.119907,0.00330884837306694,0.00800920433344952,0.330885,0.80092,"Success"
"Comoros",0.508706,174,"colorectum","Poisson",18,0.00508705840899668,1.65637331389666e-06,0.00128700167594944,0.1287,0.00256453512413578,0.00760958169385757,0.256454,0.760958,"Success"
"Guinea-Bissau",0.493889,624,"colorectum","Poisson",18,0.00493888543279671,8.30351044642203e-07,0.000911235998324366,0.091124,0.00315286287608095,0.00672490798951246,0.315286,0.672491,"Success"
"Central African Republic",0.453366,140,"colorectum","Poisson",18,0.0045336567068911,2.47930034608069e-07,0.000497925732020417,0.049793,0.00355772227213108,0.00550959114165112,0.355772,0.550959,"Success"
"Guinea",0.38749,324,"colorectum","Poisson",18,0.0038749006443643,1.62352802453078e-07,0.000402930269963772,0.040293,0.0030851573152353,0.00466464397349329,0.308516,0.466464,"Success"
"Gambia",0.341757,270,"colorectum","Poisson",18,0.00341757312801884,6.36804584646523e-07,0.000798000366319792,0.0798,0.00185349241003204,0.00498165384600563,0.185349,0.498165,"Success"
"Equatorial Guinea",0.333526,226,"colorectum","Poisson",18,0.00333526035835831,2.95214718351509e-07,0.000543336652869571,0.054334,0.00227032051873395,0.00440020019798267,0.227032,0.44002,"Success"
"Burkina Faso",0.320177,854,"colorectum","Poisson",18,0.00320176762965746,3.41833413739089e-08,0.000184887374836436,0.018489,0.00283938837497805,0.00356414688433688,0.283939,0.356415,"Success"
"Chad",0.270502,148,"colorectum","Poisson",18,0.00270502110642373,7.57048037207884e-08,0.000275145059415553,0.027515,0.00216573678996924,0.00324430542287821,0.216574,0.324431,"Success"
"Sierra Leone",0.051399,694,"colorectum","Poisson",18,0.000513988588042848,9.91946338303243e-08,0.000314951796042385,0.031495,0,0.00113129410828592,0,0.113129,"Success"
